No.,Barcode Number,Brand Name,Product Description,Quantity in Stock,Category Name,Dosage Form,Manufacturer,Batch Number,Manufacturing Date,Expiry Date,,Supplier,Date Received
14,8906045411448,Cadistin,Cadistin plus Expectorant with bronchodilator 100ml,1 bottles,Expectorant,As directed by physician,Sakar Healthcare Ltd,L24031,04-23,03-26,,Ilara Health,16/05/2025
15,6004405012372,Adcock ingram,BETAPYN TABLETS 18x,2 PACKS,Painkiller,As directed by physician,Adcock Ingram LTD,AG1589,09-24,08-25,,Ilara Health,16/05/2025
20,6291100080038,Adol,Adol Suppositories Paracetamol 125mg 10 suppositories,3 packs,Analgesic,As directed by physician,Gulf Pharmaceuticals Industries,00104,02-23,01-28,,Ilara Health,16/05/2025
24,8901149007030,Cadiphen,Cadiphen Cough Expectorant 100ml,1 bottle,Expectorant,As directed by physician,Cadilla Pharmaceauticals Ltd.,N66E4014,09-24,08-28,,Ilara Health,16/05/2025
25,8901149007030,Cadiphen,Cadiphen Cough Expectorant 100ml,1 bottle,Expectorant,As directed by physician,Cadilla Pharmaceauticals Ltd.,N66E4007,07-24,06-28,,Ilara Health,16/05/2025
30,8901401100776,Neopeptine-RB,Neopeptine-RB Drops Carminative Mixture 15ml ,3 bottles,Anti-flutulent,As directed by physician,"Raptakos, Brett & Co. Ltd",C52T25001,06-03-25,05-09-27,,Ilara Health,16/05/2025
31,6161100560017,FERROLIC-LF,FERROLIC-LF Ferrous Sulphate (Dried) +Folic Acid Tablets 10*10 Tablets,1 pc,Himetic,As directed by physician,Lab and Allied,88079,02-25,01-28,,Ilara Health,16/05/2025
32,6161100560017,FERROLIC-LF,FERROLIC-LF Ferrous Sulphate (Dried) +Folic Acid Tablets 10*10 Tablets,1 pc,Himetic,As directed by physician,Lab and Allied,87960,01-25,12-27,,Ilara Health,16/05/2025
33,6164004605006,Ca-C 1000,Ca-C 1000 orange flavour calcium 260mg vitamin c 1000mg  10 tablets,3 pcs,Suppliments,As directed by physician,Delpharm Orleans ,A1661,07-24,06-26,,Ilara Health,16/05/2025
34,8904112520505,Brozelin ,"Brozelin Ambroxol, Salbutamol & Guaifenesin Expectorant 100ml",2 pcs,Expectorant,As directed by physician,The Madras Pharmaceuticals,ME24H027,08-24,07-26,,Ilara Health,16/05/2025
35,6161100563148,Kloxy F,Kloxy F Flucloxacillin Oral Solution 100ml,2 pcs,Anti-biotic,As directed by physician,Laboratory & Allied LTD,88033,02-25,07-27,,Ilara Health,16/05/2025
36,6161100563148,Kloxy F,Kloxy F Flucloxacillin Oral Solution 100ml,2 pcs,Anti-biotic,As directed by physician,Laboratory & Allied LTD,87631,12-24,05-27,,Ilara Health,16/05/2025
37,6161101511605,Good Morning,Good Morning Lung Tonic 60ml,2 bottles,Cough syrup,As directed by physician,Beta Healthcare ,2501049,01-25,12-27,,Ilara Health,16/05/2025
38,6161100563407,Hycorum,Hycorum Creme Hydrocortisone Creme 1% w/w 15gm,3 pcs,Cortcosteroid,As directed by physician,Laboratory & Allied LTD,88380,03-25,02-28,,Ilara Health,16/05/2025
39,8902292007243,Clozole-B,Clozole-B Cream 15g,3 pcs,Anti fungal,As directed by physician,Shalina Healthcare Kenya Limited ,5370205,01-25,12-27,,Ilara Health,16/05/2025
40,6161100564251,Kloxy F,Kloxy F Flucloxacillin 500mg Capsules 10 * 10 Capsules,2 packs,Anti-biotic,As directed by physician,LAboratory & Allied LTD,87653,12-24,11-26,,Ilara Health,16/05/2025
41,840164526622,Aerius,Aerius 0.5mg/ml oral solution 150ml,1 pack,Anti-histamine,As directed by physician,Organoon Heist,B115372,13-08-24,13-08-26,,Ilara Health,16/05/2025
42,3582910075455,Enterogermina,Enterogermina Suspension buvable / Oral Suspension 2 miliards/ 5ml - 2 bilion/5 ml 10 vials of 5 ml,10 vials,Pro-biotic,As directed by physician,Sanofi S.p.A.,51021,01-25,12-26,,Ilara Health,16/05/2025
43,6161102960181,Trust,Trust 3 Quality Ribbed Condoms,24 packs,Contraceptives,As directed by physician,Lifecare Limited,BR45RG002,04-24,03-29,,Ilara Health,16/05/2025
44,6161102960204,Trust,Trust 3 Quality Smooth Condoms,24 pack,Contraceptives,As directed by physician,Lifecare Limited,B45RG052,11-24,10-29,,Ilara Health,16/05/2025
45,6161110632377,Grisorax-250,Grisorax-250 Griseofulvin Tablets 250 mg 100 Tablets,1 pack,Antifungal,As directed by Physician,Biopharma LTD,BPL872A,12-24,11-27,,Ilara Health,16/05/2025
46,6161102972634,Nitrofurantoin,Nitrofurantoin 100mg 100 Tablets,1 pack,Antibiotic Eye drop,As directed by physician,Cosmos Limited,250276,04-25,03-28,,Ilara Health,16/05/2025
47,8902281200013,Ceprolen,Ceprolen Ciprofloxacin Hydrochloride Solution 5 ml,2 bottles,Antibiotic Eye drop,As directed by physician,Indoco REMEDIES LTD,24BE0073,07-24,06-26,,Ilara Health,16/05/2025
48,8902281200013,Ceprolen,Ceprolen Ciprofloxacin Hydrochloride Solution 5 ml,1 bottle,Antibiotic,As directed by physician,Indoco REMEDIES LTD,24BE0085,08-24,07-26,,Ilara Health,16/05/2025
49,6162004000425,Dawasec,Dawasec Secnidazole Comprime 1gm 2 Tablets,1 pack,Antifungal,As directed by physician,Dawa Limited,2111094,11-24,10-27,,Ilara Health,16/05/2025
50,8902541403512,Griseben-125,Griseben-125 Griseofulvin Tablets BP 125mg 10 blister strips of Tablets each,1  pack,Antifungal,As directed by physician,Leben Laboratories Ltd,T6223,02-24,01-27,,Ilara Health,16/05/2025
51,6936292191871,Amoximed,Amoximed 250mg Dispersible tablets 10*10 Tablets,2 boxes,Oral Antibiotic,As directed by Physician,CSPC Zhongnuo pharmaceutical (Shijiazhuang) Co.Ltd,797240313,Mar-24,Feb-27,,Ilara Health,16/05/2025
52,6161101512084,Theorexime-250,Theoroxime-250 Cefuroxime Axetil Tablets USP 250mg,3 boxes,Oral Antibiotic,As directed by Physician,Theon Pharmaceuticals Ltd.,ECT240085,Apr-24,Mar-27,,Ilara Health,16/05/2025
53,8904008410187,Becoactin,Becoactin syrup 200ml Appetite stimulant(MEYER),2 bottles,Oral multivitamin,As directed by Physician,Meyer Organics PVT. LTD,018P2498X,31/10/2024,30/04/2027,,Ilara Health,16/05/2025
54,6162004000647,MoxaForte,MoxaForten Flucloxacillin/Amoxicillin 250mg/5ml Powder for oral suspension,2 bottles,Anti biotic,As directed by Physician,DAWA Limited,2406061,Jun-24,May-27,,Ilara Health,16/05/2025
55,6162004000647,MoxaForte,MoxaForten Flucloxacillin/Amoxicillin 250mg/5ml Powder for oral suspension,1 bottle,Anti biotic,As directed by Physician,DAWA Limited,2406164,Jun-24,May-27,,Ilara Health,16/05/2025
56,8906009233489,Lonart,Lonart Tablets,5 boxes,Anti-hypertensive,As directed by Physician,BLISS GVS PHARMA LTD.,D3ACG029,Sep-24,Aug-27,,Ilara Health,16/05/2025
57,6162004001248,Davir,Davir Cream Acyclovir BP 5% w/w,2 tubes,Anti-Viral,As directed by Physician,DAWA Limited,2501144,Jan-25,Dec-27,,Ilara Health,16/05/2025
58,8904210805443,C-Fluco,C-Fluco Fluconazole Capsules 150mg,5 boxes,Anti-Fungal,As directed by Physician,Innova Captab Limited,G601E4002,Aug-24,Jul-27,,Ilara Health,16/05/2025
59,9551012521034,Latex,Latex Examination Gloves Powdered qube,2 boxes,Surgical Gloves,As directed by Physician,QUBE MEDICAL PRODUCTS SDN BHD,40364,15/08/2024,15/07/2029,,Ilara Health,16/05/2025
60,6001127043844,IBUBROFEN,Brufen Paediatric Suspension 100ml,2 bottles,Analgesic,As directed by Physician,Abbott Laboratories S.A. (Pty) Ltd.,1229054,Feb-24,Jan-27,,Ilara Health,16/05/2025
61,8906047031194,ULGICID,ULGICID Suspension,2 bottles,Anti Acid,As directed by Physician,Sai Mirra Innopharm Pvt. Ltd.,ULS6009,Apr-24,Sep-26,,Ilara Health,16/05/2025
62,6161100563674,Leocef,Leocef Cefalexin Powder For Oral Suspension 125mg/5ml,3 bottles,Antibiotic,As directed by Physician,Laboratory $ allied Ltd.,87906,Jan-25,Jun-27,,Ilara Health,16/05/2025
63,6924983130520,Carefusem,CAREFUSEM Furosemide Injection 20mg/2ml 10 ampoules,10 boxes,Anti-hypertensive,As directed by Physician,Tianjin KingYork Group HuBei TianYao Pharmaceutical Co.Ltd,231203,Dec-23,Dec-24,,Ilara Health,16/05/2025
64,6924539548632,Metomed ,METOMED  METOCLOPRAMIDE INJECTION BP 10mg/2ml 10*2 ml Ampoule,10 boxes,Anti-hemetic,As directed by Physician,Tianjin KingYork Group HuBei TianYao Pharmaceutical Co.Ltd,2409161,Sep-24,Aug-27,,Ilara Health,16/05/2025
65,8904278592378,Charco,CHARCO MEDICAL ACTIVATED CHARCOAL 100 Tablets,1 box,Anti dote,As directed by Physician,Metro Pharmaceuticals Ltd.,WG24273,Apr-24,Mar-27,,Ilara Health,16/05/2025
66,3582910081050,Rhinathiol ,Rhinathiol carbocisteine/carbocisteine expectorant 125ml,1 Box,Cough Syrup,As directed by Physician,A. Nattermann $ Cie. GmbH,4KLC60DL,Jan-24,Dec-25,,Ilara Health,16/05/2025
67,6161102970630,Cardinol,Cardinol Atenolol 100mg 28 Tablets,2 boxes,Anti-hypertensive,As directed by Physician,Cosmos Limited,240723,Jun-24,May-27,,Ilara Health,16/05/2025
68,6164000793004,Allucid,Allucid Antacid 100ml,2 bottles,Anti Acid,As directed by Physician,Biodeal Laboratories Ltd.,1124096,Nov-24,Oct-27,,Ilara Health,16/05/2025
69,6161101490726,Acyclovir,ACYCLOVIR Univir 400mg 1*10 Tablets,2 Boxes,Anti-Viral,As directed by Physician,UNIVERSAL CORPORATION LTD.,5813615A,Jun-24,May-27,,Ilara Health,16/05/2025
70,8906013141803,Azelastine,Azelastine Hydrochloride Eye Drops OCULAST 0.05%,3 bottles,Antihystamine,As directed by Physician,CENTAUR PHARMACEUTICALS PVT.LTD.,UAV2403,Aug-24,Jul-27,,Ilara Health,16/05/2025
71,5011417569627,bonjela,bonjela Soothing Teething Gel,2,teething gel,As directed by Physician,Farmaceutici Procemsa S.P.A( R.B UK),24Q50042,May-24,Jun-27,,Ilara Health,16/05/2025
72,6161102572070,Medimax,MEDIMAX PRESS ON FEMININE TOWELS 10PIECES,5,Towels,As directed by Physician,HARLEYS LIMITED,1204,Apr-25,Apr-28,,Ilara Health,16/05/2025
73,6161102572070,Medimax,MEDIMAX PRESS ON FEMININE TOWELS 10PIECES,5,Towels,As directed by Physician,HARLEYS LIMITED,601,Jan-25,Jan-28,,Ilara Health,16/05/2025
74,8901296107553,Ranferon-12,RANFERON BLOOD BUILDER 30 CAPSULES,3,Himetic,As prescribed by physician,SUN PHARMA,DFF4062A,Jul-24,Jun-26,,Ilara Health,16/05/2025
76,8901296108048,Ranferon-12,RANFERON -12 BLOOD BUILDER 200MLS,3,Himetic,As prescribed by physician,SUN PHARMA,ALB0119,Jul-24,Jun-26,,Ilara Health,16/05/2025
77,5997001359235,Postinor 2,POSTINOR-2 levonorgestrel 2 tabl.,5,Contraceptive,As prescribed by physician,GEDEON RICHTER,T44238E,Apr-24,Apr-29,,Ilara Health,16/05/2025
78,6161110630045,Hitoral,HITORAL CREAM KETOCONAZOLE,3,Anti-fungal,As prescribed by physician,BIOPHARMA LTD,BPL918A,Dec-24,Nov-27,,Ilara Health,16/05/2025
79,6161110631721,Hitoral,HTORAL TABLETS KETOCONAZOLE 200mg 100 TABLETS,1,Anti-fungal,As prescribed by physician,BIOPHARMA LTD,BPL910A,Dec-24,Nov-27,,Ilara Health,16/05/2025
80,5021265249190,Pregnacare,PREGNACARE VITABIOTIC ORIGINAL 30 TABS,2,Supplement,As prescribed by physician,VITABIOTIC SCIENCE OF HEALTH LIVING,PRW2404A,Jan-24,Dec-26,,Ilara Health,16/05/2025
81,7612797670279,Maxitrol,MAXITROL SUSPENSION 5ML,2,Eye drops,As prescribed by physician,"ALCON-COUVREUR NV,RIJKSWEG 14",VJP48A,Aug-24,Jul-26,,Ilara Health,16/05/2025
82,7612797670309,Maxitrol,MAXITROL OINTMENT 3.5G,2,Eye drops,As prescribed by physician,"ALCON-COUVREUR NV,RIJKSWEG 15",VR140A,May-23,Apr-26,,Ilara Health,16/05/2025
83,6161101511681,Mommy's Bliss ,GRIPE WATER 100ML,2,Colic,As prescribed by physician,BETA HEALTHCARE INTERNATIONAL LTD,2408144,Aug-24,Jul-27,,Ilara Health,16/05/2025
84,6164004873054,Angilock 50,ANGILOCK 50 Losartan Potassium USP 50 mg,2,Anti-hypertensive,As prescribed by physician ,SQUARE PHARMACEUTICALS,4M00009,Dec-24,Nov-26,,Ilara Health,16/05/2025
85,6164004873054,Angilock 50,ANGILOCK 50 Losartan Potassium USP 50 mg,1,Anti-hypertensive,As prescribed by physician ,SQUARE PHARMACEUTICALS,4L00003,Nov-24,Oct-26,,Ilara Health,16/05/2025
86,6009609473165,Flagyl,FLAGYL SUSPENSION 200MG/5ML 100ML,2,Anti-Amoebic,As prescribed by physician,ZENTIVA SOUTH AFRICA PTY LTD,278,Feb-24,Jan-26,,Ilara Health,16/05/2025
88,5012335110700,SEVEN SEAS,SEVENSEAS COD LIVER OIL 100MLS,2,Supplements,As prescribed by physician,"LALEHAM HEALTH AND BEAUTY LTD, Preston UK For: Seven Seas Limited UK an affiliate  of P&G Health Germany GmbH NAFDAC Reg No. A7-2810",40297,Mar-24,Mar-26,,Ilara Health,16/05/2025
89,6164001099181,Abnal,ABNAL NASAL DROPS 10MLS,1,Decongestant,As prescribed by physician,ABACUS PARENTERAL DRUGS LTD,58L02623,Dec-23,Nov-26,,Ilara Health,16/05/2025
90,6164001099181,Abnal,ABNAL NASAL DROPS 10MLS,4,Nose drops,As directed by physician,ABACUS PARENTERAL DRUGS LTD,58A01524,Jan-24,Dec-26,,Ilara Health,16/05/2025
91,8906036443632,Drez ,DREZ OINTMENT 10G,2,Antibacterial,As directed by physician,1STEDMAN PHARMACEUTICAL PVT LTD,XDO-336,Oct-24,Sep-27,,Ilara Health,16/05/2025
92,6285074004176,Clarinase,CLARINASE LORATADINE AND PSEUDOEPHEDRINE 14TABLETS,2,Anti-histamine,As directed by physician,SAG MANUFACTURING SLU,JRPG2445E,Jun-24,May-26,,Ilara Health,16/05/2025
93,6161110632384,Crisorax-500,CRISORAX-500 Griseofulvin Tablets 500mg -100TABLETS,1,Anti-fungal,As prescribed by physicianA,BIOPHARMA LTD,BPL873A,Dec-24,Nov-27,,Ilara Health,16/05/2025
94,8904093818257,Femiplan,FEMIPLAN PILLS 28 TABLETS,3,Contraceptive,As directed by physician,MYLAN LABORATORIES LTD,8190263,Jul-24,Jun-29,,Ilara Health,16/05/2025
95,8904093818257,Femiplan,FEMIPLAN PILLS 28 TABLETS,2,Contraceptive,As directed by physician,MYLAN LABORATORIES LTD,8190262,Jul-24,Jun-29,,Ilara Health,16/05/2025
96,8906009238784,GSUNATE,GSUNATE INJECTION,10,Anti- Malarial,As prescribed by physician,BLISS GVS PPHARMA LTD,IP24194,Aug-24,Jul-27,,Ilara Health,16/05/2025
97,8906009235769,P-Alaxin,P-ALAXIN Dihydroartemisinin 40mg + Piperaquine Phosphate 320mg Tablets 9 TABLETS,3,Anti-Malarial,As directed by physician,BLISS GVS PPHARMA LTD,DIAFN008,Mar-24,Feb-27,,Ilara Health,16/05/2025
98,8904181400432,Analmin,ANALMIN MEFENAMIC ACID 500mg 10*10CAPSULES,1,Analgesic,As prescribed by physician,MEDICO REMEDIES LTD,ANL405,Sep-24,Aug-27,,Ilara Health,16/05/2025
99,6001127043844,Brufen,BRUFEN PAEDIATRIC SUSPENSION 100ML,1,Analgesic,As prescribed by physician,ABBOTT LABORATORIES S.A PTY LTD,1229054,Feb-24,Jan-27,,Ilara Health,16/05/2025
100,8901815000440,Mysopaz,MYOSPAZ TABLETS 100TABLETS,1,Analgesic,As prescribed by physician,WIN-MEDICARE,J0364,Aug-24,Jul-27,,Ilara Health,16/05/2025
101,8906045434997,Emitoss,"EMITOSS 2MG/5ML , 30MLS",2,Anti hemetic,As prescribed by physician,ENICAR PHARMACEUTICALS LTD,GE09203,Jun-24,May-27,,Ilara Health,16/05/2025
102,8906013144798,Neuro-Forte,"NEURO-FORTE TABS ,20TABLETS",2,Supplement,As directed by physician,CENTAUR PHARMACEUTICALS PVT LTD,NBT2502,Jan-25,Dec-27,,Ilara Health,16/05/2025
103,8906055268131,Ciprozed-500,"CIPROZED-500, CIPRO 500MG ..100TABLETS",1,Antibiotic,As directed by physician,ZEST PHARMACEUTICAL LTD,TE4152,May-24,Apr-27,,Ilara Health,16/05/2025
104,6164004873078,Melcam 7.5,"MELCAM 7.5 , 100TABLETS",1,Analgesic,As prescribed by physician,SQUARE PHARMACEUTICALS,4K00003,Oct-24,Sep-26,,Ilara Health,16/05/2025
105,6162004000432,Dawastin,"DAWASTIN SUSPENSION ,30MLS",1,Anti-fungal,As prescribed by physician,DAWA LTD,2504231,Apr-25,Mar-27,,Ilara Health,16/05/2025
106,5997001381182,Cripton ,"CRIPTON 2.5MG, 30TABLETS",1,Anti-luctating,As prescribed by physician,GEDEON RICHTER,T35008C,May-23,May-26,,Ilara Health,16/05/2025
107,89061592513818,DISMONT,"DISMONT TABLETS , 30TABLETS",1,Anti-histamine,As directed by physician,DISCOUNT HEALTHCARE,T4159,Oct-24,Sep-27,,Ilara Health,16/05/2025
515,3250213172040,Labetalol,LABETALOL INJECTION 100MG/20ML,1,Anti-hypertensive,As prescribed by physician,SAGENT PHARMACEUTICALS,90000980,N/A,Oct-26,,Ilara Health,16/05/2025
109,6161100563247,KLOXY-F,KLOXY-F FLUCLOXACILLIN 250MG CAPSULES 10*10 Capsules,2,ANTIBIOTICS,As prescribed by physician,LABORATORY & ALLIED LTD,84301,Aug-23,Jan-26,,Ilara Health,16/05/2025
110,6162004001088,Dermazine,DERMAZINE-SILVER SULFADIAZINE 1% CREAM,3,TOPICAL ANTIBIOTIC,As prescribed by physician,DAWA LTD,2502244,Feb-25,Jan-28,,Ilara Health,16/05/2025
111,6161100563988,Racycline,RACYCLINE TETRACYCLINE CREAM,3,TOPICAL ANTIBIOTIC,As prescrib ed by physician,LABORATORY & ALLIED LTD,87993,Jan-25,Dec-27,,Ilara Health,16/05/2025
112,6164001099075,D-50,D50 % Glucose intravenous infusion 100ml,10,IV FLUID,As prescribed by physician,ABACUS PARENTERAL DRUGS LTD,29J02824,Oct-24,Sep-26,,Ilara Health,16/05/2025
113,8907662009445,Zeemox,ZEEMOX AMOXICILLIN ORAL SUSPENSION 125MG/5ML 60ML,4,ANTIBIOTICS,As prescribed by physician,SCOTT EDIL,0324P045,Dec-24,Nov-27,,Ilara Health,16/05/2025
114,8907662009452,Zeemox,ZEEMOX AMOXICILLIN ORAL SUSPENSION 125MG/5ML 100ML,4,ANTIBIOTICS,As prescribed by physician,SCOTT EDIL,0324P048,Dec-24,Nov-27,,Ilara Health,16/05/2025
115,6003001030353,Benylin,BENYLIN PAEDIATRIC  ,2,COUGH SYRUP,As prescribed by physician,JOHNSON &JOHNSON LTD,338719,Aug-23,Jul-26,,Ilara Health,16/05/2025
116,6001135505433,Benylin,BENYLIN ORIGINAL 100ml,2,COUGH SYRUP,As prescribed by physician,JOHNSON &JOHNSON LTD( Registered to pfizer ltd),343310,Nov-24,Oct-26,,Ilara Health,16/05/2025
117,6003001018887,Benylin,BENYLIN 4 FLU 100ml,2,COUGH SYRUP,As prescribed by physician,JOHNSON &JOHNSON LTD,341577,May-24,Apr-27,,Ilara Health,16/05/2025
118,3664798033519,Buscopan,BUSCOPAN 10MG TABS HYOSCINE BUTYLBROMIDE,1,ANTISPASMODIC,As prescribed by physician,DELPHARM REIMS,234137,Feb-23,Jan-26,,Ilara Health,16/05/2025
119,6161101494137,CHX gel,CHX GEL CHLORHEXIDINE DICLUCONATE 7.1%,3,TOPICAL ANTISEPTIC,As prescribed by physician,UNIVERSAL CORPORATION LTD,14474,Mar-25,Feb-27,,Ilara Health,16/05/2025
120,6161102972948,Vidol,VIDOL CARVEDILOL 6.25MG 20TABS,2,ANTIHYPERTENSIVES,As prescribed by physician,COSMOS,241060,Oct-24,Sep-26,,Ilara Health,16/05/2025
121,8941100350720,Cox B-200,COX B-200MG Celecoxib 200mg CAPSULE Inn,1,ANALGESICS,As prescribed by physician,BEXIMCO PHARMACEUTICALS LTD,11423211,Oct-24,Sep-26,,Ilara Health,16/05/2025
122,6161100563544,Hymet,HYMET HYDROCHLOROTHIAZIDE 50MG,1,ANTIHYPERTENSIVES,As prescribed by physician,LABOROTORY & ALLIED LTD,84604,Sep-23,Aug-26,,Ilara Health,16/05/2025
123,8901296111680,Brustan,BRUSTAN IBUPROFEN/PARACETAMOL TABS,3,ANALGESIC,As prescribed by physician,SUN PHARMACEUTICALS IND LTD,DFF5824A,Sep-24,Aug-24,,Ilara Health,16/05/2025
124,6161102971927,Amitriptyline,AMITRIPTYLINE 25MG TABS 100 TABLETS,1,ANTIDEPRESSANT,As prescribed by physician,COSMOS,240066,May-24,Apr-27,,Ilara Health,16/05/2025
125,6161102970425,Nogluc,NOGLUC GLIBENCLAMIDE 5MG TABS,1,ANTIDIABETICS,As prescribed by physician,COSMOS,250321,Feb-25,Jan-28,,Ilara Health,16/05/2025
126,6161102974898,Hydrochlorothiazide,HYDROCHLOROTHIAZIDE 25MG 100 Tablets,2,ANTIHYPERTENSIVES,As prescribed by physician,COSMOS,250413,Feb-25,Jan-28,,Ilara Health,16/05/2025
127,6162004001392,Amlodawa 10,AMLODAWA 10MG AMLODIPINE BESYLATE TABS 3*10 Tablets,2,ANTIHYPERTENSIVES,As prescribed by physician,DAWA LTD,2409004,Sep-24,Aug-27,,Ilara Health,16/05/2025
128,8906082152199,Gesic ADL,GESIC ADL IBUPROFEN 400MG TABS 10 blister strips of 10 Tablets each,2,ANALGESICS,As directed by physician,PINNACLE LIFE SCIENCE PRIVATE LTD,T4469,Jun-24,May-27,,Ilara Health,16/05/2025
129,4057599006476,Clarityne,CLARITYNE LORATIDINE 10MG 10 Tablets,2,ANTIHISTAMINE,As prescribed by physician,BAYER,BT1AJS1,Jul-24,Jul-27,,Ilara Health,16/05/2025
130,6162004001644,Dawapril 5,DAWAPRIL ENALAPRIL 5MG,1,ANTIHYPERYTENSIVES,As prescribed by physician,DAWA LTD,2501078,Jan-25,Dec-26,,Ilara Health,16/05/2025
131,8904091112500,Candid,CANDID CLOTRIMAZOLE MOUTH PAINT,2,MOUTHPAINT,As prescribed by physician,GLENMARK,10242381,Oct-24,Sep-26,,Ilara Health,16/05/2025
132,6164001099228,ABGENTA,ABGENTA GENTAMICIN STERILE EYE/EAR DROPS 5ml,2,ENT DROPS,As prescribed by physician,ABACUS,57L01424,Dec-24,Nov-27,,Ilara Health,16/05/2025
133,8904181403327,AZICLAR-500,AZICLAR-500 CLARITHROMYCIN TABLETS USP 500MG 1*10 Tablets,1,ANTIBIOTICS,As prescribed by physician,MEDICO REMEDIES,AZR408,Dec-24,Nov-27,,Ilara Health,16/05/2025
134,8902292003603,Epiderm Cream,EPIDERM CREAM 15 MG,3,TOPICAL ANTIFUNGAL/ANTINFLAMMATORY\ANTIBACTERIAL,As prescribed by physician,SHALINA,43737342,Oct-24,Sep-27,,Ilara Health,16/05/2025
135,8901815000334,Diclomol SR,DICLOMOL SR DICLOFENAC SODIUM 100 Tablets,1,ANALGESICS,As prescribed by physician,WIN-MEDICARE PVT. LTD.,L0014,Oct-24,Sep-27,,Ilara Health,16/05/2025
136,6161102971347,Salbut ,SALBUT SALBUTAMOL 4MG 100 Tablets,1,BRONCHODILATORS,As prescribed by physician,COSMOS,240647,Oct-24,Sep-27,,Ilara Health,16/05/2025
137,6161102972191,Diconazol,DICONAZOL FLUCONAZOLE 200MG,1,ANTIFUNGAL,As prescribed by physician,COSMOS,250727,Feb-25,Jan-28,,Ilara Health,16/05/2025
138,8906013145535,Spillar-25,SPILLAR-25 SPIRONOLACTONE TABS,1,ANTIHYPERTENSIVES,As directed by physician,CENTAUR PHARMACEUTICALS PVT LTD,SFT2410,Sep-24,Aug-27,,Ilara Health,16/05/2025
139,8904210802459,felaxin 500,cefalexin capsules bp 500mg,1,Antibiotic,As directed by physician,Innova captabltd,c3064001,Jun-24,May-02,,Ilara Health,16/05/2025
140,6161102970760,hydralazine,hydralazine hydrochloride 25mg 100 Tablets,1,Anti-hypertensive,As prescribed by physician,Cosmos ltd,240710,Nov-24,Oct-27,,Ilara Health,16/05/2025
141,6161102974485,DTS-Z KIT,dts- Z Kit (ORS -4 Sackets 500ml ) Kudhibiti ugonjwa wa kuhara ,5,Supplements ,As prescribed by physician,Cosmos ltd,231116/230402,Mar-24,Feb-27,,Ilara Health,16/05/2025
142,6161102971934,propranolol,propranol 40mg 100 Tablets,2,Hypertensive,As prescribed by physician,Cosmos ltd,241391,Jan-25,Dec-27,,Ilara Health,16/05/2025
143,8902281317018,otorex,ear drops,2,Ear Drops,As prescribed by physician,indoco remedies ltd,24070155,Feb-24,Jan-26,,Ilara Health,16/05/2025
144,8902281317018,otorex,ear drops,2,Ear Drops,As prescribed by physician,indoco remedies ltd,24070510,Sep-24,Aug-26,,Ilara Health,16/05/2025
145,8901117070516,diracip-m suspension,Diracip-M Suspension broad spectrum amobicide,2,Antibiotic,As prescribed by physician,"cipla ltd, India",4IA0549,Nov-24,Oct-26,,Ilara Health,16/05/2025
146,6161100563889,evercef 400,evercef 400cefixime 400mg 1*10 tabs,3,Antibiotic,As prescribed by physician,laboratory and allied ltd,86881,Sep-24,Aug-26,,Ilara Health,16/05/2025
147,6162004000005,ampiclo-dawa,ampicillin/cloxacillin 90mg/0.6ml neonatal oral drops,3,Antibiotic,As prescribed by physician,dawa ltd,2503070,Mar-25,Feb-28,,Ilara Health,16/05/2025
148,8906009238814,agycin,azithromycin tabs usp 500mg,6,Anti-biotic,As prescribed by physician,bliss gvs pharma ltd,d1atc029,Dec-24,Nov-27,,Ilara Health,16/05/2025
149,8902292004617,tanzol,albendazole oral suspension usp 400mg/10ml,6,Dewormer,As prescribed by physician,shalina laboratories pvt.ltd,4390792,Dec-24,Nov-27,,Ilara Health,16/05/2025
150,745125323282,ketodol,ketorolac trometamol 30mg in 1ml 10*1ml,1,Analgesic,As prescribed by physician,tasa pharma ltd,24392,Aug-24,Jul-26,,Ilara Health,16/05/2025
151,8901463124574,dopamac,methyldopa tabs bp 250mg,1,Anti-hypertensive,As prescribed by physician,macleods pharmaceutical ltd,11240049a,Apr-24,Mar-27,,Ilara Health,16/05/2025
152,8906145040579,atenol,atenolol tabs bp 50mg,1,Anti-hypertensive,As directed by physician,ovation remedies,0GT-049,Dec-22,Nov-25,,Ilara Health,16/05/2025
153,8902281311016,Remidin,Remidin Chlorhexidine Mouthwash BP 100ml,2,Mouthwash,As directed by physician,Indoco remedies ltd,24070137,02-24,01-26,,Ilara Health,16/05/2025
155,8904091113606,Candid,Candid CLOTRIMAZOLE powder 30g,3,Anti-fungal,As prescribed by physician,Glenmark,10241241,05-24,04-28,,Ilara Health,16/05/2025
156,6161100560451,Laeovate,Laeovate ointment betamethasone valerate ointment 15g,3,Anti-Inflammatory,As directed by physician,Lab and Allied,B87112,10-24,09-27,,Ilara Health,16/05/2025
157,6940999101019,Artequick ,Artequick Artemisinin and Piperraquine Tablets 4 Tablets,2,Anti-Malarial,As directed by physician,Guangdong Xinnanqing High-tech Co.Ltd.,20240502,15-05-24,04-27,,Ilara Health,16/05/2025
158,6161110630496,IzziThree,IzziThree Azithromycin Oral Suspension B.P  5ml,3,Antibiotic,As directed by physician,Biopharma Ltd,BPL886A,12-24,11-27,,Ilara Health,16/05/2025
159,792382594306,Diarim,Diarim Surgical Spirit 5 litres,2,Antiseptic,As directed by physician,Angela's Island US,10725DSS,02-25,02-28,,Ilara Health,16/05/2025
160,6168686100149,Eno,Eno Tablets 100 Tablets,1,Anti Acid,As directed by physician,Glaxo Smithkline Ltd,Y048AF,06-24,05-29,,Ilara Health,16/05/2025
161,6008686340230,Eno,Eno Fruit Salt Tablets 48*4.5g Sachets,1,Anti Acid,As directed by physician,Glaxo Smithkline Ltd,Y060BC,03-25,02-27,,Ilara Health,16/05/2025
162,6161102971293,Metcos,Metcos Metoclopramide 10mg 100 Tablets,1,Antiemetic,As directed by physician,Cosmos Limited,240731,09-24,08-27,,Ilara Health,16/05/2025
165,8902396033377,Oxymed,Oxymed Oxitocin Injection BP 10 IU/ML 10 *1 ML Ampoule,10,Uterine stimulant,As directed by physician,Ciron Drugs Ltd,5EB01080,02-25,01-27,,IlaraHealth,16/05/2025
166,8904379801324,ACCU-SHOT,1ML single use insulin syringe with needle 100pcs,1,NON PHARMACEUTICALS,As prescribed by physician,med devices lifesciences B.V,1ab14/24fj4,Jun-24,May-29,,Bridgewell Diagnostic Supplies,17/05/2025
167,725765210937,goodstrain,good strain iv cannula with wings and injection port 24 g 100pcs,1,NON PHARMACEUTICALS,As prescribed by physician,nubeno healthcare pvt ltd(registered to elbo floral),2407111,Jul-24,Jun-29,,Bridgewell Diagnostic Supplies,17/05/2025
168,8906030750699,fixo flon,fixo flon iv cannula with injection valve 22g 100pcs,1,NON PHARMACEUTICALS,As prescribed by physician,lars medicare pvt/ltd,240278,Aug-24,Jul-29,,Bridgewell Diagnostic Supplies,17/05/2025
169,8906030750675,fixo flon,fixo flon iv cannula with injection valve 20g 100pcs,1,NON PHARMACEUTICALS,As prescribed by physician,lars medicare pvt/ltd,240210,Jul-24,Jun-29,,Bridgewell Diagnostic Supplies,17/05/2025
170,8906110080517,astracare,infusion giving sets with 21g needle 25 pcs,2,NON PHARMACEUTICALS,As prescribed by physician,trident mediquip ltd,23igsd002c,Apr-23,Mar-28,,Bridgewell Diagnostic Supplies,17/05/2025
171,8698712450156,kly,kly lubricating jelly 42g,2,NON PHARMACEUTICALS,As prescribed by physician,turkuaz,14,Aug-24,Aug-27,,Bridgewell Diagnostic Supplies,17/05/2025
172,6164002308039,Cady,Cady HIV 1/2 Rapid Test 25 Tests,1,NON PHARMACEUTICALS,As prescribed by physician,Revital Healthcare (EPZ) Ltd,HIV 250402,04-25,03-27,,Revital Laboratories,21/05/2025
173,6161022001803,Cady,Cady Malaria P.f / Pan Antigen Test 25 Tests,1,NON PHARMACEUTICALS,As prescribed by physician,Revital Healthcare (EPZ) Ltd,MAL 241213,12-24,11-26,,Revital Laboratories,21/05/2025
174,6164002308060,Cady,Cady Pregnancy Rapid Test 50 Tests,1,NON PHARMACEUTICALS,As prescribed by physician,Revital Healthcare (EPZ) Ltd,PGS 241103,11-24,07-27,,Revital Laboratories,21/05/2025
175,6164002308138,Cady,Cady Syphilis Rapid Test 25 Tests,1,NON PHARMACEUTICALS,As prescribed by physician,Revital Healthcare (EPZ) Ltd,SYP 250401,04-25,03-27,,Revital Laboratories,21/05/2025
176,6164002308213,Cady,Cady malaria P.f / P.v Antigen Test,1,NON PHARMACEUTICALS,As prescribed by physician,Revital Healthcare (EPZ) Ltd,MPV 241203,12-24,11-26,,Revital Laboratories,21/05/2025
177,6164002308794,CodySolo,CodySolo Malaria Pf/Pan Antigen Test Single Test,1,NON PHARMACEUTICALS,As prescribed by physician,Revital Healthcare (EPZ) Ltd,MALST 250201,02-25,01-27,,Revital Laboratories,21/05/2025
178,6164002308244,CodySolo,CodySolo HIV 1/2 Rapid Test Single Test,1,NON PHARMACEUTICALS,As prescribed by physician,Revital Healthcare (EPZ) Ltd,HIVST 250402,04-25,03-27,,Revital Laboratories,21/05/2025
179,6164002308787,Labmate,Labmate Micro-Centrifuge 1.5ml 500 pcs,1,NON PHARMACEUTICALS,As prescribed by physician,Revital Healthcare (EPZ) Ltd,2428566-01,10-24,09-29,,Revital Laboratories,21/05/2025
